Close,KMO10,KMO20,KMO40,larger_than_KMO10?,shares10,larger_than_KMO20?,shares20,larger_than_KMO40?,shares40
17.36,,,,0.0,1000.0,0.0,1000.0,0.0,1000.0
17.38,,,,0.0,1000.0,0.0,1000.0,0.0,1000.0
17.43,,,,0.0,1000.0,0.0,1000.0,0.0,1000.0
17.5,,,,0.0,1000.0,0.0,1000.0,0.0,1000.0
17.47,,,,0.0,1000.0,0.0,1000.0,0.0,1000.0
17.45,,,,0.0,1000.0,0.0,1000.0,0.0,1000.0
17.59,,,,0.0,1000.0,0.0,1000.0,0.0,1000.0
17.76,,,,0.0,1000.0,0.0,1000.0,0.0,1000.0
17.82,,,,0.0,1000.0,0.0,1000.0,0.0,1000.0
17.64,17.54,,,1.0,1000.0,0.0,1000.0,0.0,1000.0
17.76,17.580000000000002,,,1.0,1000.0,0.0,1000.0,0.0,1000.0
17.91,17.633,,,1.0,1000.0,0.0,1000.0,0.0,1000.0
17.65,17.655,,,0.0,1000.0,0.0,1000.0,0.0,1000.0
17.71,17.676000000000002,,,1.0,1000.0,0.0,1000.0,0.0,1000.0
17.71,17.7,,,1.0,1000.0,0.0,1000.0,0.0,1000.0
17.66,17.721,,,0.0,1000.0,0.0,1000.0,0.0,1000.0
17.76,17.738,,,1.0,400.0,0.0,1000.0,0.0,1000.0
17.95,17.756999999999998,,,1.0,400.0,0.0,1000.0,0.0,1000.0
17.88,17.762999999999998,,,1.0,400.0,0.0,1000.0,0.0,1000.0
18.29,17.828,17.684,,1.0,400.0,1.0,1000.0,0.0,1000.0
18.48,17.9,17.740000000000002,,1.0,400.0,1.0,1000.0,0.0,1000.0
18.41,17.95,17.7915,,1.0,400.0,1.0,1000.0,0.0,1000.0
18.12,17.997,17.826,,1.0,400.0,1.0,1000.0,0.0,1000.0
18.19,18.044999999999998,17.8605,,1.0,400.0,1.0,1000.0,0.0,1000.0
18.15,18.089000000000002,17.8945,,1.0,400.0,1.0,1000.0,0.0,1000.0
17.83,18.106,17.913500000000003,,0.0,400.0,0.0,1000.0,0.0,1000.0
17.98,18.128,17.933,,0.0,400.0,1.0,1000.0,0.0,1000.0
18.21,18.154000000000003,17.9555,,1.0,400.0,1.0,1000.0,0.0,1000.0
18.25,18.191000000000003,17.977,,1.0,400.0,1.0,1000.0,0.0,1000.0
18.26,18.188,18.008000000000003,,1.0,400.0,1.0,1000.0,0.0,1000.0
17.9,18.130000000000003,18.014999999999997,,0.0,400.0,0.0,1000.0,0.0,1000.0
19.02,18.191,18.070500000000003,,1.0,160.0,1.0,400.0,0.0,1000.0
20.49,18.428,18.2125,,1.0,160.0,1.0,400.0,0.0,1000.0
19.99,18.608,18.3265,,1.0,160.0,1.0,400.0,0.0,1000.0
20.12,18.805,18.447,,1.0,160.0,1.0,400.0,0.0,1000.0
20.21,19.043,18.5745,,1.0,160.0,1.0,400.0,0.0,1000.0
20.13,19.258,18.693,,1.0,160.0,1.0,400.0,0.0,1000.0
20.14,19.451,18.802500000000002,,1.0,160.0,1.0,400.0,0.0,1000.0
19.94,19.619999999999997,18.9055,,1.0,160.0,1.0,400.0,0.0,1000.0
20.02,19.796,18.991999999999997,18.338,1.0,160.0,1.0,400.0,1.0,400.0
20.16,20.022,19.076,18.407999999999998,1.0,160.0,1.0,400.0,1.0,400.0
20.41,20.161,19.176,18.48375,1.0,160.0,1.0,400.0,1.0,400.0
20.79,20.191,19.3095,18.56775,1.0,160.0,1.0,400.0,1.0,400.0
21.32,20.323999999999998,19.466,18.66325,1.0,160.0,1.0,400.0,1.0,400.0
21.525,20.4645,19.63475,18.764625000000002,1.0,160.0,1.0,400.0,1.0,400.0
21.89,20.6325,19.83775,18.875625,1.0,160.0,1.0,400.0,1.0,400.0
22.32,20.8515,20.054750000000002,18.993875,1.0,160.0,1.0,400.0,1.0,400.0
23.83,21.220499999999998,20.335749999999997,19.145625,1.0,160.0,1.0,400.0,1.0,400.0
23.58,21.5845,20.602249999999998,19.289625,1.0,160.0,1.0,400.0,1.0,400.0
23.12,21.8945,20.84525,19.426625,1.0,160.0,1.0,400.0,1.0,400.0
23.19,22.197499999999998,21.10975,19.562375,1.0,160.0,1.0,400.0,1.0,400.0
23.36,22.4925,21.326749999999997,19.698625,1.0,160.0,1.0,400.0,1.0,400.0
22.98,22.7115,21.451249999999998,19.831875,1.0,160.0,1.0,400.0,1.0,400.0
23.05,22.8845,21.60425,19.965375,1.0,160.0,1.0,400.0,1.0,400.0
23.07,23.039,21.75175,20.099375000000002,1.0,160.0,1.0,400.0,1.0,400.0
23.36,23.186,21.90925,20.241875,1.0,160.0,1.0,400.0,1.0,400.0
23.43,23.297,22.07425,20.383625,1.0,160.0,1.0,400.0,1.0,400.0
24.39,23.353,22.28675,20.544625,1.0,160.0,1.0,400.0,1.0,400.0
24.54,23.449,22.51675,20.711125000000003,1.0,160.0,1.0,400.0,1.0,400.0
24.48,23.585,22.73975,20.865875,1.0,160.0,1.0,400.0,1.0,400.0
24.8,23.746000000000002,22.97175,21.023875,1.0,160.0,1.0,400.0,1.0,400.0
24.57,23.867,23.179750000000002,21.177874999999997,1.0,160.0,1.0,400.0,1.0,400.0
24.18,23.987000000000002,23.34925,21.329375,1.0,160.0,1.0,400.0,1.0,400.0
24.24,24.106,23.495250000000002,21.480625,1.0,160.0,1.0,400.0,1.0,400.0
24.37,24.235999999999997,23.6375,21.636125,1.0,160.0,1.0,400.0,1.0,400.0
24.93,24.393,23.789499999999997,21.813625,1.0,160.0,1.0,400.0,1.0,400.0
25.11,24.561,23.929,21.991875,1.0,160.0,1.0,400.0,1.0,400.0
24.87,24.609,23.981,22.158375,1.0,160.0,1.0,400.0,1.0,400.0
24.75,24.63,24.0395,22.320875,1.0,160.0,1.0,400.0,1.0,400.0
24.32,24.613999999999997,24.0995,22.472375000000003,0.0,1288.4985932304544,1.0,400.0,1.0,400.0
24.2,24.554,24.15,22.629875,0.0,1288.4985932304544,1.0,400.0,1.0,400.0
24.46,24.543,24.205000000000002,22.765875,0.0,1288.4985932304544,1.0,400.0,1.0,400.0
23.93,24.517999999999997,24.2525,22.851875,0.0,1288.4985932304544,0.0,400.0,1.0,400.0
24.26,24.520000000000003,24.313,22.958624999999998,0.0,1288.4985932304544,0.0,400.0,1.0,400.0
24.11,24.494,24.365000000000002,23.058374999999998,0.0,1288.4985932304544,0.0,400.0,1.0,400.0
23.91,24.392,24.3925,23.150875000000003,0.0,1288.4985932304544,0.0,400.0,1.0,400.0
23.72,24.253,24.407000000000004,23.240625,0.0,1288.4985932304544,0.0,400.0,1.0,400.0
23.82,24.148000000000003,24.3785,23.332625,0.0,1288.4985932304544,0.0,400.0,1.0,400.0
24.02,24.075,24.3525,23.434625,0.0,1288.4985932304544,0.0,400.0,1.0,400.0
24.92,24.135,24.3745,23.557125,1.0,1288.4985932304544,1.0,400.0,1.0,400.0
24.76,24.191,24.3725,23.672125,1.0,1288.4985932304544,1.0,400.0,1.0,400.0
25.14,24.259,24.401,23.790375,1.0,1288.4985932304544,1.0,400.0,1.0,400.0
24.55,24.321,24.4195,23.884375,1.0,1288.4985932304544,1.0,400.0,1.0,400.0
24.28,24.323,24.4215,23.958374999999997,0.0,1288.4985932304544,0.0,400.0,1.0,400.0
24.44,24.356,24.425,24.03125,1.0,1288.4985932304544,1.0,400.0,1.0,400.0
24.47,24.412,24.402,24.095750000000002,1.0,1288.4985932304544,1.0,400.0,1.0,400.0
24.49,24.489,24.371000000000002,24.15,1.0,1288.4985932304544,1.0,400.0,1.0,400.0
24.3,24.537,24.3425,24.16175,0.0,1288.4985932304544,0.0,400.0,1.0,400.0
24.39,24.574,24.3245,24.182,0.0,1288.4985932304544,1.0,160.0,1.0,400.0
24.6,24.541999999999998,24.338500000000003,24.219,1.0,1288.4985932304544,1.0,160.0,1.0,400.0
24.49,24.515,24.353,24.2515,0.0,1288.4985932304544,1.0,160.0,1.0,400.0
24.55,24.456,24.357499999999998,24.28125,1.0,515.3994372921818,1.0,160.0,1.0,400.0
24.75,24.476000000000003,24.3985,24.325499999999998,1.0,515.3994372921818,1.0,160.0,1.0,400.0
25.1,24.558,24.4405,24.37675,1.0,515.3994372921818,1.0,160.0,1.0,400.0
25.14,24.628,24.491999999999997,24.4285,1.0,515.3994372921818,1.0,160.0,1.0,400.0
25.36,24.717000000000002,24.564500000000002,24.4785,1.0,515.3994372921818,1.0,160.0,1.0,400.0
25.2,24.788,24.6385,24.522750000000002,1.0,515.3994372921818,1.0,160.0,1.0,400.0
25.3,24.887999999999998,24.7125,24.5455,1.0,515.3994372921818,1.0,160.0,1.0,400.0
25.71,25.020000000000003,24.797,24.57475,1.0,515.3994372921818,1.0,160.0,1.0,400.0
25.56,25.116000000000003,24.829,24.60175,1.0,515.3994372921818,1.0,160.0,1.0,400.0
25.63,25.23,24.8725,24.6225,1.0,515.3994372921818,1.0,160.0,1.0,400.0
25.78,25.353,24.904500000000002,24.65275,1.0,515.3994372921818,1.0,160.0,1.0,400.0
25.76,25.454,24.965,24.69225,1.0,515.3994372921818,1.0,160.0,1.0,400.0
25.52,25.496000000000002,25.026999999999997,24.72425,1.0,515.3994372921818,1.0,160.0,1.0,400.0
25.44,25.526000000000003,25.076999999999998,24.750999999999998,0.0,515.3994372921818,1.0,160.0,1.0,400.0
25.61,25.551,25.134,24.768,1.0,515.3994372921818,1.0,160.0,1.0,400.0
25.53,25.584,25.186,24.7785,0.0,515.3994372921818,1.0,160.0,1.0,400.0
25.79,25.633,25.2605,24.8015,1.0,515.3994372921818,1.0,160.0,1.0,400.0
25.59,25.621,25.320500000000003,24.822499999999998,0.0,515.3994372921818,1.0,160.0,1.0,400.0
25.44,25.608999999999998,25.3625,24.8505,0.0,515.3994372921818,1.0,160.0,1.0,400.0
25.43,25.589,25.4095,24.88125,0.0,515.3994372921818,1.0,160.0,1.0,400.0
25.91,25.601999999999997,25.4775,24.9175,1.0,515.3994372921818,1.0,160.0,1.0,400.0
26.69,25.695,25.5745,24.9865,1.0,515.3994372921818,1.0,160.0,1.0,400.0
26.94,25.837,25.666500000000003,25.053500000000003,1.0,515.3994372921818,1.0,160.0,1.0,400.0
26.89,25.982,25.754,25.123,1.0,515.3994372921818,1.0,160.0,1.0,400.0
26.82,26.103,25.826999999999998,25.195749999999997,1.0,515.3994372921818,1.0,160.0,1.0,400.0
26.78,26.228,25.906,25.272250000000003,1.0,515.3994372921818,1.0,160.0,1.0,400.0
26.79,26.327999999999996,25.9805,25.3465,1.0,515.3994372921818,1.0,160.0,1.0,400.0
26.58,26.427000000000003,26.024,25.410500000000003,1.0,515.3994372921818,1.0,160.0,1.0,400.0
26.38,26.521000000000004,26.065000000000005,25.447000000000003,0.0,515.3994372921818,1.0,160.0,1.0,400.0
26.04,26.582,26.085500000000003,25.479,0.0,515.3994372921818,0.0,160.0,1.0,400.0
26.15,26.606,26.104000000000003,25.50425,0.0,515.3994372921818,1.0,64.0,1.0,400.0
26.31,26.568,26.1315,25.548250000000003,0.0,515.3994372921818,1.0,64.0,1.0,400.0
27.35,26.608999999999998,26.223000000000003,25.625,1.0,206.15977491687272,1.0,64.0,1.0,400.0
27.45,26.665,26.323500000000003,25.70025,1.0,206.15977491687272,1.0,64.0,1.0,400.0
27.01,26.684000000000005,26.3935,25.763749999999998,1.0,206.15977491687272,1.0,64.0,1.0,400.0
27.02,26.708,26.468,25.826999999999998,1.0,206.15977491687272,1.0,64.0,1.0,400.0
27.08,26.737000000000002,26.5325,25.896499999999996,1.0,206.15977491687272,1.0,64.0,1.0,400.0
27.21,26.8,26.6135,25.967000000000002,1.0,206.15977491687272,1.0,64.0,1.0,400.0
27.61,26.923000000000002,26.721999999999998,26.042250000000003,1.0,206.15977491687272,1.0,64.0,1.0,400.0
27.57,27.076,26.828999999999997,26.11925,1.0,206.15977491687272,1.0,64.0,1.0,400.0
27.55,27.216,26.911,26.19425,1.0,206.15977491687272,1.0,64.0,1.0,400.0
27.78,27.363,26.965500000000002,26.27,1.0,206.15977491687272,1.0,64.0,1.0,400.0
28.13,27.441000000000003,27.025,26.345750000000002,1.0,206.15977491687272,1.0,64.0,1.0,400.0
28.8,27.576,27.1205,26.43725,1.0,206.15977491687272,1.0,64.0,1.0,400.0
29.0,27.775,27.2295,26.528250000000003,1.0,206.15977491687272,1.0,64.0,1.0,400.0
28.94,27.967000000000002,27.3375,26.621750000000002,1.0,206.15977491687272,1.0,64.0,1.0,400.0
28.69,28.128000000000004,27.432499999999997,26.706500000000005,1.0,206.15977491687272,1.0,64.0,1.0,400.0
28.45,28.252,27.526,26.775,1.0,206.15977491687272,1.0,64.0,1.0,400.0
28.94,28.384999999999998,27.653999999999996,26.859499999999997,1.0,206.15977491687272,1.0,64.0,1.0,400.0
27.94,28.422000000000004,27.749000000000002,26.917250000000003,0.0,1401.9233910072203,1.0,64.0,1.0,400.0
27.59,28.426,27.820999999999998,26.9625,0.0,1401.9233910072203,0.0,64.0,1.0,400.0
27.68,28.416000000000004,27.889499999999998,27.0105,0.0,1401.9233910072203,0.0,64.0,1.0,400.0
27.93,28.396000000000004,27.9185,27.070750000000004,0.0,1401.9233910072203,1.0,64.0,1.0,400.0
27.98,28.314,27.945,27.13425,0.0,1401.9233910072203,1.0,64.0,1.0,400.0
27.88,28.201999999999998,27.9885,27.190999999999995,0.0,1401.9233910072203,0.0,64.0,1.0,400.0
27.72,28.080000000000002,28.023500000000002,27.245749999999997,0.0,1401.9233910072203,0.0,64.0,1.0,400.0
27.38,27.949,28.0385,27.285500000000003,0.0,1401.9233910072203,0.0,64.0,1.0,400.0
27.36,27.839999999999996,28.046,27.32975,0.0,1401.9233910072203,0.0,64.0,1.0,400.0
27.45,27.690999999999995,28.038,27.380000000000003,0.0,1401.9233910072203,0.0,64.0,1.0,400.0
27.49,27.645999999999997,28.034,27.4315,0.0,1401.9233910072203,0.0,64.0,1.0,400.0
27.83,27.669999999999998,28.048000000000002,27.4795,1.0,1401.9233910072203,0.0,64.0,1.0,400.0
28.28,27.729999999999997,28.072999999999997,27.51925,1.0,1401.9233910072203,1.0,64.0,1.0,400.0
28.18,27.755000000000003,28.075499999999998,27.55025,1.0,1401.9233910072203,1.0,64.0,1.0,400.0
28.05,27.762,28.038,27.579250000000002,1.0,1401.9233910072203,1.0,64.0,1.0,400.0
27.48,27.721999999999998,27.962,27.59575,0.0,1401.9233910072203,0.0,64.0,0.0,400.0
27.41,27.690999999999995,27.885499999999997,27.6115,0.0,1401.9233910072203,0.0,64.0,0.0,400.0
28.04,27.756999999999998,27.853,27.64275,1.0,560.7693564028881,1.0,25.6,1.0,160.0
28.18,27.839,27.839499999999997,27.68275,1.0,560.7693564028881,1.0,25.6,1.0,160.0
28.27,27.921,27.806,27.73,1.0,560.7693564028881,1.0,25.6,1.0,160.0
28.87,28.058999999999997,27.8525,27.80075,1.0,560.7693564028881,1.0,25.6,1.0,160.0
28.7,28.145999999999997,27.908000000000005,27.8645,1.0,560.7693564028881,1.0,25.6,1.0,160.0
28.93,28.211000000000002,27.970499999999998,27.93,1.0,560.7693564028881,1.0,25.6,1.0,160.0
29.07,28.3,28.027500000000003,27.973000000000003,1.0,560.7693564028881,1.0,25.6,1.0,160.0
29.22,28.417,28.089499999999997,28.01725,1.0,560.7693564028881,1.0,25.6,1.0,160.0
29.2,28.589,28.1555,28.072000000000003,1.0,560.7693564028881,1.0,25.6,1.0,160.0
29.23,28.771000000000004,28.231,28.127249999999997,1.0,560.7693564028881,1.0,25.6,1.0,160.0
28.99,28.866000000000003,28.311500000000002,28.175,1.0,560.7693564028881,1.0,25.6,1.0,160.0
28.94,28.942,28.390499999999996,28.21825,0.0,560.7693564028881,1.0,25.6,1.0,160.0
28.99,29.014,28.4675,28.25275,0.0,560.7693564028881,1.0,25.6,1.0,160.0
29.08,29.035000000000004,28.547000000000004,28.290499999999998,1.0,224.30774256115524,1.0,25.6,1.0,160.0
29.26,29.091,28.6185,28.33325,1.0,224.30774256115524,1.0,25.6,1.0,160.0
29.45,29.143,28.677000000000003,28.375,1.0,224.30774256115524,1.0,25.6,1.0,160.0
29.55,29.191000000000003,28.7455,28.410499999999995,1.0,224.30774256115524,1.0,25.6,1.0,160.0
29.55,29.224,28.8205,28.429250000000003,1.0,224.30774256115524,1.0,25.6,1.0,160.0
30.27,29.331,28.96,28.461000000000002,1.0,224.30774256115524,1.0,25.6,1.0,160.0
30.0,29.407999999999998,29.089499999999997,28.4875,1.0,224.30774256115524,1.0,25.6,1.0,160.0
29.84,29.492999999999995,29.179499999999997,28.516249999999996,1.0,224.30774256115524,1.0,25.6,1.0,160.0
29.64,29.563,29.252499999999998,28.546000000000003,1.0,224.30774256115524,1.0,25.6,1.0,160.0
29.56,29.620000000000005,29.317,28.561500000000002,0.0,224.30774256115524,1.0,25.6,1.0,160.0
29.77,29.689,29.362000000000002,28.60725,1.0,224.30774256115524,1.0,25.6,1.0,160.0
30.04,29.767000000000003,29.428999999999995,28.6685,1.0,224.30774256115524,1.0,25.6,1.0,160.0
30.01,29.823,29.482999999999997,28.72675,1.0,224.30774256115524,1.0,25.6,1.0,160.0
29.99,29.867,29.528999999999996,28.778249999999996,1.0,224.30774256115524,1.0,25.6,1.0,160.0
29.93,29.904999999999994,29.564500000000002,28.826999999999998,1.0,224.30774256115524,1.0,25.6,1.0,160.0
29.97,29.875,29.602999999999998,28.879250000000003,1.0,224.30774256115524,1.0,25.6,1.0,160.0
30.02,29.877,29.642500000000002,28.93675,1.0,224.30774256115524,1.0,25.6,1.0,160.0
29.88,29.881,29.687,28.99925,0.0,1466.3765401757282,1.0,25.6,1.0,160.0
29.8,29.897,29.73,29.060250000000003,0.0,1466.3765401757282,1.0,25.6,1.0,160.0
29.87,29.927999999999997,29.774,29.120749999999997,0.0,1466.3765401757282,1.0,25.6,1.0,160.0
29.68,29.919,29.803999999999995,29.1755,0.0,1466.3765401757282,0.0,25.6,1.0,160.0
29.62,29.877,29.821999999999996,29.22025,0.0,1466.3765401757282,0.0,25.6,1.0,160.0
29.44,29.82,29.821499999999997,29.24925,0.0,1466.3765401757282,0.0,25.6,1.0,160.0
29.72,29.792999999999996,29.830000000000002,29.28775,0.0,1466.3765401757282,0.0,25.6,1.0,160.0
29.62,29.762,29.833500000000004,29.326999999999998,0.0,1466.3765401757282,0.0,25.6,1.0,160.0
29.53,29.718,29.7965,29.378249999999998,0.0,1466.3765401757282,0.0,25.6,1.0,160.0
29.39,29.655,29.766000000000002,29.427749999999996,0.0,1466.3765401757282,0.0,25.6,0.0,160.0
29.74,29.641000000000002,29.761000000000003,29.47025,1.0,1466.3765401757282,0.0,25.6,1.0,160.0
29.88,29.649,29.773000000000003,29.512750000000004,1.0,1466.3765401757282,1.0,25.6,1.0,160.0
29.75,29.637,29.7825,29.549749999999996,1.0,1466.3765401757282,0.0,25.6,1.0,160.0
29.76,29.645,29.782,29.572000000000003,1.0,1466.3765401757282,0.0,25.6,1.0,160.0
29.54,29.637,29.756999999999998,29.593,0.0,1466.3765401757282,0.0,25.6,0.0,160.0
29.86,29.679000000000002,29.7495,29.616249999999997,1.0,1466.3765401757282,1.0,25.6,1.0,160.0
30.28,29.735000000000003,29.764000000000003,29.646499999999996,1.0,1466.3765401757282,1.0,25.6,1.0,160.0
29.66,29.739000000000004,29.7505,29.6575,0.0,1466.3765401757282,0.0,25.6,1.0,160.0
29.8,29.766,29.742,29.672499999999996,1.0,1466.3765401757282,1.0,10.240000000000002,1.0,160.0
29.86,29.813,29.733999999999998,29.688250000000004,1.0,1466.3765401757282,1.0,10.240000000000002,1.0,160.0
30.0,29.839,29.74,29.713500000000003,1.0,1466.3765401757282,1.0,10.240000000000002,1.0,160.0
30.12,29.863,29.756,29.743000000000002,1.0,1466.3765401757282,1.0,10.240000000000002,1.0,160.0
30.19,29.907,29.772000000000002,29.773000000000003,1.0,1466.3765401757282,1.0,10.240000000000002,1.0,160.0
30.19,29.95,29.797500000000003,29.800750000000004,1.0,1466.3765401757282,1.0,10.240000000000002,1.0,160.0
29.81,29.976999999999997,29.807000000000006,29.814500000000002,0.0,1466.3765401757282,1.0,10.240000000000002,0.0,1308.556379426565
29.94,29.984999999999996,29.832,29.826750000000004,0.0,1466.3765401757282,1.0,10.240000000000002,1.0,523.422551770626
30.19,29.976,29.8555,29.842750000000002,1.0,1466.3765401757282,1.0,10.240000000000002,1.0,523.422551770626
30.02,30.012,29.8755,29.854499999999994,1.0,1466.3765401757282,1.0,10.240000000000002,1.0,523.422551770626
30.33,30.065000000000005,29.915499999999998,29.856,1.0,1466.3765401757282,1.0,10.240000000000002,1.0,523.422551770626
30.52,30.131,29.972,29.869,1.0,1466.3765401757282,1.0,10.240000000000002,1.0,523.422551770626
30.37,30.168,30.003500000000003,29.88225,1.0,1466.3765401757282,1.0,10.240000000000002,1.0,523.422551770626
30.45,30.201,30.032,29.902499999999996,1.0,1466.3765401757282,1.0,10.240000000000002,1.0,523.422551770626
30.35,30.217000000000002,30.062,29.92225,1.0,1466.3765401757282,1.0,10.240000000000002,1.0,523.422551770626
30.28,30.226,30.088,29.935000000000002,1.0,1466.3765401757282,1.0,10.240000000000002,1.0,523.422551770626
30.04,30.249000000000002,30.113000000000007,29.935000000000002,0.0,1466.3765401757282,0.0,1420.3739627658897,1.0,523.422551770626
29.72,30.227000000000004,30.106,29.927750000000003,0.0,1466.3765401757282,0.0,1420.3739627658897,0.0,523.422551770626
29.59,30.167,30.071499999999997,29.91775,0.0,1466.3765401757282,0.0,1420.3739627658897,0.0,523.422551770626
29.43,30.107999999999997,30.059999999999995,29.905250000000002,0.0,1466.3765401757282,0.0,1420.3739627658897,0.0,523.422551770626
29.56,30.031,30.048000000000002,29.895,0.0,1466.3765401757282,0.0,1420.3739627658897,0.0,523.422551770626
29.66,29.945,30.038,29.886000000000003,0.0,1466.3765401757282,0.0,1420.3739627658897,0.0,523.422551770626
29.7,29.878000000000004,30.023000000000003,29.8815,0.0,1466.3765401757282,0.0,1420.3739627658897,0.0,523.422551770626
29.68,29.801,30.000999999999998,29.878499999999995,0.0,1466.3765401757282,0.0,1420.3739627658897,0.0,523.422551770626
29.69,29.735000000000003,29.976,29.874000000000002,0.0,1466.3765401757282,0.0,1420.3739627658897,0.0,523.422551770626
29.7,29.677000000000003,29.9515,29.8745,1.0,1466.3765401757282,0.0,1420.3739627658897,0.0,523.422551770626
29.96,29.669,29.958999999999996,29.883000000000003,1.0,1466.3765401757282,1.0,1420.3739627658897,1.0,523.422551770626
30.01,29.697999999999997,29.9625,29.897250000000003,1.0,1466.3765401757282,1.0,1420.3739627658897,1.0,523.422551770626
30.32,29.770999999999997,29.969,29.91225,1.0,1466.3765401757282,1.0,1420.3739627658897,1.0,523.422551770626
30.37,29.865,29.9865,29.931,1.0,1466.3765401757282,1.0,1420.3739627658897,1.0,523.422551770626
30.0,29.909,29.970000000000006,29.94275,1.0,1466.3765401757282,1.0,1420.3739627658897,1.0,523.422551770626
29.75,29.918,29.9315,29.951749999999997,0.0,1466.3765401757282,0.0,1420.3739627658897,0.0,523.422551770626
30.53,30.000999999999998,29.9395,29.9715,1.0,586.5506160702913,1.0,568.1495851063559,1.0,209.36902070825042
31.21,30.154000000000003,29.977500000000003,30.00475,1.0,586.5506160702913,1.0,568.1495851063559,1.0,209.36902070825042
31.23,30.308000000000003,30.021499999999996,30.04175,1.0,586.5506160702913,1.0,568.1495851063559,1.0,209.36902070825042
31.27,30.464999999999996,30.071000000000005,30.079499999999996,1.0,586.5506160702913,1.0,568.1495851063559,1.0,209.36902070825042
31.36,30.605,30.136999999999993,30.125,1.0,586.5506160702913,1.0,568.1495851063559,1.0,209.36902070825042
31.39,30.743000000000002,30.220500000000005,30.163249999999998,1.0,586.5506160702913,1.0,568.1495851063559,1.0,209.36902070825042
31.47,30.858000000000004,30.3145,30.193,1.0,586.5506160702913,1.0,568.1495851063559,1.0,209.36902070825042
31.37,30.958000000000006,30.4115,30.235750000000003,1.0,586.5506160702913,1.0,568.1495851063559,1.0,209.36902070825042
31.46,31.104000000000003,30.5065,30.277250000000002,1.0,586.5506160702913,1.0,568.1495851063559,1.0,209.36902070825042
31.61,31.290000000000003,30.604000000000003,30.320999999999998,1.0,586.5506160702913,1.0,568.1495851063559,1.0,209.36902070825042
31.52,31.389,30.695,30.358999999999998,1.0,586.5506160702913,1.0,568.1495851063559,1.0,209.36902070825042
31.7,31.438,30.796000000000003,30.398500000000002,1.0,586.5506160702913,1.0,568.1495851063559,1.0,209.36902070825042
31.69,31.483999999999998,30.895999999999997,30.436,1.0,586.5506160702913,1.0,568.1495851063559,1.0,209.36902070825042
31.6,31.517000000000003,30.991000000000003,30.471249999999998,1.0,586.5506160702913,1.0,568.1495851063559,1.0,209.36902070825042
31.71,31.552,31.078500000000002,30.51875,1.0,586.5506160702913,1.0,568.1495851063559,1.0,209.36902070825042
31.7,31.583000000000006,31.163,30.56275,1.0,586.5506160702913,1.0,568.1495851063559,1.0,209.36902070825042
31.9,31.625999999999998,31.241999999999997,30.6055,1.0,586.5506160702913,1.0,568.1495851063559,1.0,209.36902070825042
31.88,31.677,31.317499999999995,30.652000000000005,1.0,586.5506160702913,1.0,568.1495851063559,1.0,209.36902070825042
31.82,31.713,31.408499999999997,30.689249999999998,1.0,586.5506160702913,1.0,568.1495851063559,1.0,209.36902070825042
32.13,31.764999999999997,31.527499999999996,30.7295,1.0,586.5506160702913,1.0,568.1495851063559,1.0,209.36902070825042
32.25,31.838,31.6135,30.776500000000006,1.0,586.5506160702913,1.0,568.1495851063559,1.0,209.36902070825042
31.92,31.860000000000003,31.649,30.81325,1.0,586.5506160702913,1.0,568.1495851063559,1.0,209.36902070825042
31.75,31.866000000000003,31.675,30.84825,0.0,586.5506160702913,1.0,568.1495851063559,1.0,209.36902070825042
31.26,31.832,31.674500000000002,30.872749999999996,0.0,586.5506160702913,0.0,568.1495851063559,1.0,209.36902070825042
31.5,31.811,31.681500000000007,30.909249999999997,0.0,586.5506160702913,0.0,568.1495851063559,1.0,209.36902070825042
31.74,31.814999999999998,31.699,30.959749999999996,0.0,586.5506160702913,1.0,568.1495851063559,1.0,209.36902070825042
31.86,31.811,31.7185,31.0165,1.0,586.5506160702913,1.0,568.1495851063559,1.0,209.36902070825042
31.78,31.801,31.739000000000004,31.07525,0.0,1502.3995472222987,1.0,568.1495851063559,1.0,209.36902070825042
31.53,31.772000000000002,31.7425,31.1245,0.0,1502.3995472222987,0.0,1448.288288925717,1.0,209.36902070825042
31.6,31.719,31.742,31.172999999999995,0.0,1502.3995472222987,0.0,1448.288288925717,1.0,209.36902070825042
31.17,31.611,31.7245,31.209750000000003,0.0,1502.3995472222987,0.0,1448.288288925717,0.0,209.36902070825042
31.11,31.53,31.695,31.2455,0.0,1502.3995472222987,0.0,1448.288288925717,0.0,209.36902070825042
31.34,31.488999999999997,31.677500000000002,31.28675,0.0,1502.3995472222987,0.0,1448.288288925717,1.0,209.36902070825042
31.39,31.502000000000002,31.667,31.328999999999997,0.0,1502.3995472222987,0.0,1448.288288925717,1.0,209.36902070825042
30.76,31.428000000000004,31.6195,31.348999999999997,0.0,1502.3995472222987,0.0,1448.288288925717,0.0,209.36902070825042
31.05,31.359,31.587,31.375,0.0,1502.3995472222987,0.0,1448.288288925717,0.0,209.36902070825042
31.25,31.298000000000002,31.5545,31.39825,0.0,1502.3995472222987,0.0,1448.288288925717,0.0,209.36902070825042
31.44,31.264000000000003,31.532500000000006,31.425,1.0,1502.3995472222987,0.0,1448.288288925717,1.0,209.36902070825042
31.34,31.244999999999997,31.508500000000005,31.458500000000004,1.0,1502.3995472222987,0.0,1448.288288925717,0.0,209.36902070825042
31.18,31.203000000000003,31.461000000000002,31.49425,0.0,1502.3995472222987,0.0,1448.288288925717,0.0,209.36902070825042
30.87,31.173000000000002,31.392000000000003,31.502750000000002,0.0,1502.3995472222987,0.0,1448.288288925717,0.0,209.36902070825042
30.67,31.129,31.329500000000003,31.489250000000006,0.0,1502.3995472222987,0.0,1448.288288925717,0.0,209.36902070825042
30.79,31.074,31.2815,31.478250000000003,0.0,1502.3995472222987,0.0,1448.288288925717,0.0,209.36902070825042
30.74,31.008999999999997,31.2555,31.465000000000003,0.0,1502.3995472222987,0.0,1448.288288925717,0.0,209.36902070825042
30.75,31.008,31.218,31.44975,0.0,1502.3995472222987,0.0,1448.288288925717,0.0,209.36902070825042
30.51,30.953999999999997,31.156500000000005,31.427750000000003,0.0,1502.3995472222987,0.0,1448.288288925717,0.0,209.36902070825042
30.71,30.9,31.099,31.408750000000005,0.0,1502.3995472222987,0.0,1448.288288925717,0.0,209.36902070825042
30.41,30.796999999999997,31.0305,31.384749999999997,0.0,1502.3995472222987,0.0,1448.288288925717,0.0,209.36902070825042
29.63,30.625999999999998,30.9355,31.339,0.0,1502.3995472222987,0.0,1448.288288925717,0.0,209.36902070825042
29.42,30.45,30.8265,31.284249999999997,0.0,1502.3995472222987,0.0,1448.288288925717,0.0,209.36902070825042
29.31,30.294,30.7335,31.229000000000003,0.0,1502.3995472222987,0.0,1448.288288925717,0.0,209.36902070825042
28.44,30.070999999999998,30.6,31.1475,0.0,1502.3995472222987,0.0,1448.288288925717,0.0,209.36902070825042
28.28,29.820000000000004,30.446999999999996,31.06225,0.0,1502.3995472222987,0.0,1448.288288925717,0.0,209.36902070825042
28.49,29.595,30.302,30.984500000000004,0.0,1502.3995472222987,0.0,1448.288288925717,0.0,209.36902070825042
28.88,29.407999999999998,30.208,30.91375,0.0,1502.3995472222987,0.0,1448.288288925717,0.0,1270.7232596648632
29.1,29.267000000000003,30.110500000000002,30.848749999999995,0.0,1502.3995472222987,0.0,1448.288288925717,0.0,1270.7232596648632
29.22,29.117999999999995,30.009000000000004,30.78175,1.0,1502.3995472222987,0.0,1448.288288925717,0.0,1270.7232596648632
28.63,28.940000000000005,29.8685,30.700499999999998,0.0,1502.3995472222987,0.0,1448.288288925717,0.0,1270.7232596648632
28.87,28.863999999999997,29.744999999999997,30.626749999999998,1.0,1502.3995472222987,0.0,1448.288288925717,0.0,1270.7232596648632
28.65,28.787,29.6185,30.539749999999998,0.0,1502.3995472222987,0.0,1448.288288925717,0.0,1270.7232596648632
28.92,28.748,29.520999999999997,30.4565,1.0,1502.3995472222987,0.0,1448.288288925717,0.0,1270.7232596648632
28.98,28.802,29.436500000000002,30.383000000000003,1.0,1502.3995472222987,0.0,1448.288288925717,0.0,1270.7232596648632
29.07,28.881,29.3505,30.316000000000003,1.0,1502.3995472222987,0.0,1448.288288925717,0.0,1270.7232596648632
